"ID","Title","Attachments","Created By","Created On","Estimate","Expected Result","Forecast","Priority","References","Section","Section Depth","Section Description","Status","Steps","Steps","Steps (Additional Info)","Steps (Expected Result)","Steps (References)","Steps (Shared step ID)","Steps (Step)","Suite","Suite ID","Type","Updated By","Updated On","is_converted"
"C53","Registration Content","","Ciler Uzal","4/28/2026 10:24 AM","","<ul><li data-section-id=""1dobtjx"" data-start=""275"" data-end=""326"" data-pasted=""true"">The Username input field should be visible.</li><li data-section-id=""6qvvl3"" data-start=""327"" data-end=""375"">The Email input field should be visible.</li><li data-section-id=""hu54yc"" data-start=""376"" data-end=""427"">The Password input field should be visible.</li><li data-section-id=""mon9e5"" data-start=""428"" data-end=""489"">The Register button should be visible and accessible.</li></ul>","","Low","","Register","0","","Design","<p>Click on the Registration botton</p>","","","","","","","Master","S6","Functional","Ciler Uzal","4/30/2026 9:13 AM","1"
"C75","Sign with Google Validation","","Ciler Uzal","4/30/2026 7:02 AM","","<ul data-start=""337"" data-end=""491"" data-pasted=""true""><li data-section-id=""10875dj"" data-start=""337"" data-end=""382"">User should be authenticated successfully</li><li data-section-id=""oym7jw"" data-start=""383"" data-end=""441"">Application should redirect user to homepage/dashboard</li><li data-section-id=""7zxrqq"" data-start=""442"" data-end=""491"">No access or authorization error should occur</li></ul>","","High","","Register","0","","Design","<ul><li data-section-id=""1ekbfuw"" data-start=""190"" data-end=""232"" data-pasted=""true"">Click Continue with Google button</li><li data-section-id=""1n6m5bs"" data-start=""233"" data-end=""261"">Select a Google account</li><li data-section-id=""2dm1wz"" data-start=""262"" data-end=""305"">Complete Google authentication process</li></ul>","","","","","","","Master","S6","Other","Ciler Uzal","5/11/2026 8:53 PM","1"
"C52","Successful User Registration with Valid Data","","Ciler Uzal","4/28/2026 10:21 AM","","<ul data-pasted=""true""><li data-section-id=""1yviiwx"" data-start=""467"" data-end=""514"" data-pasted=""true"">The user should be successfully registered.</li><li data-section-id=""1duu2je"" data-start=""515"" data-end=""563"">The system should create a new user account.</li></ul>","","High","","Register","0","","Design","<ul data-pasted=""true""><li data-section-id=""bj5kwn"" data-start=""219"" data-end=""273"" data-pasted=""true"">Enter a valid username in the Username field.</li><li data-section-id=""tjl7ga"" data-start=""274"" data-end=""341"">Enter a valid and unique email address in the Email field.</li><li data-section-id=""19e6pud"" data-start=""342"" data-end=""396"">Enter a valid password in the Password field.</li><li data-section-id=""1k8jbiw"" data-start=""397"" data-end=""435"">Click on the Register button.</li></ul>","","","","","","","Master","S6","Functional","Ciler Uzal","4/30/2026 9:14 AM","1"
"C54","Registration with Existing Email Address","","Ciler Uzal","4/28/2026 10:24 AM","","<ul data-start=""549"" data-end=""774"" data-pasted=""true""><li data-section-id=""nn8qv9"" data-start=""549"" data-end=""582"">The registration should fail.</li><li data-section-id=""z000ip"" data-start=""722"" data-end=""774"">The user should remain on the Registration page.</li></ul>","","High","","Register","0","","Design","<ul><li data-section-id=""bj5kwn"" data-start=""298"" data-end=""352"" data-pasted=""true"">Enter a valid username in the Username field.</li><li data-section-id=""oc5kqc"" data-start=""353"" data-end=""423"">Enter an already registered email address in the Email field.</li><li data-section-id=""19e6pud"" data-start=""424"" data-end=""478"">Enter a valid password in the Password field.</li><li data-section-id=""1k8jbiw"" data-start=""479"" data-end=""517"">Click on the Register button.</li></ul>","","","","","","","Master","S6","Functional","Ciler Uzal","4/30/2026 9:14 AM","1"
"C55","Registration with Empty Username","","Ciler Uzal","4/28/2026 10:31 AM","","<ul><li data-section-id=""nn8qv9"" data-start=""444"" data-end=""477"" data-pasted=""true"">The registration should fail.</li><li data-section-id=""1wkt7ax"" data-start=""478"" data-end=""550"">The system should not allow account creation with an empty username.</li><li data-section-id=""1yrempw"" data-start=""551"" data-end=""658"">A validation error message should be displayed under the Username field (e.g., “Username is required”).</li><li data-section-id=""z000ip"" data-start=""659"" data-end=""711"">The user should remain on the Registration page.</li></ul>","","High","","Register","0","","Design","<ol data-start=""221"" data-end=""412"" data-pasted=""true""><li data-section-id=""15zjy1j"" data-start=""221"" data-end=""261"">Leave the Username field empty.</li><li data-section-id=""1pqhtc2"" data-start=""262"" data-end=""318"">Enter a valid email address in the Email field.</li><li data-section-id=""19e6pud"" data-start=""319"" data-end=""373"">Enter a valid password in the Password field.</li><li data-section-id=""1k8jbiw"" data-start=""374"" data-end=""412"">Click on the Register button.</li></ol>","","","","","","","Master","S6","Functional","Ciler Uzal","4/30/2026 9:16 AM","1"
"C56","Username Minimum Length Validation","","Ciler Uzal","4/28/2026 10:32 AM","","<ul><li data-section-id=""1454wb3"" data-start=""479"" data-end=""564"" data-pasted=""true"">The system should validate the minimum length requirement for the Username field.</li><li data-section-id=""4izbkw"" data-start=""565"" data-end=""625"">If 1 character is not allowed, registration should fail.</li><li data-section-id=""h4m62w"" data-start=""626"" data-end=""726"">A validation error message should be displayed (e.g., “Username must be at least 2 characters”).</li><li data-section-id=""z000ip"" data-start=""727"" data-end=""779"">The user should remain on the Registration page.</li></ul>","","Medium","","Register","0","","Design","<ul><li data-section-id=""1teqyp0"" data-start=""236"" data-end=""296"" data-pasted=""true"">Enter a 1 character username in the Username field.</li><li data-section-id=""1pqhtc2"" data-start=""297"" data-end=""353"">Enter a valid email address in the Email field.</li><li data-section-id=""19e6pud"" data-start=""354"" data-end=""408"">Enter a valid password in the Password field.</li><li data-section-id=""1k8jbiw"" data-start=""409"" data-end=""447"">Click on the Register button.</li></ul>","","","","","","","Master","S6","Functional","Ciler Uzal","4/30/2026 8:51 AM","1"
"C57","Username Maximum Length Validation","","Ciler Uzal","4/28/2026 10:32 AM","","<ul><li data-section-id=""19dpeyz"" data-start=""438"" data-end=""522"" data-pasted=""true"">The system should validate the maximum length constraint for the Username field.</li><li data-section-id=""1jbmuo1"" data-start=""523"" data-end=""594"">Registration should fail if the username exceeds the allowed limit.</li><li data-section-id=""16zdqkw"" data-start=""595"" data-end=""694"">A validation error message should be displayed (e.g., “Username must not exceed 32 characters”).</li><li data-section-id=""z000ip"" data-start=""695"" data-end=""747"">The user should remain on the Registration page.</li></ul>","","Medium","","Register","0","","Design","<ol data-start=""142"" data-end=""406"" data-pasted=""true""><li data-section-id=""k7uu81"" data-start=""142"" data-end=""255"">Enter a username that exceeds the maximum allowed character limit (32 character)</li><li data-section-id=""1pqhtc2"" data-start=""256"" data-end=""312"">Enter a valid email address in the Email field.</li><li data-section-id=""19e6pud"" data-start=""313"" data-end=""367"">Enter a valid password in the Password field.</li><li data-section-id=""1k8jbiw"" data-start=""368"" data-end=""406"">Click on the Register button.</li></ol>","","","","","","","Master","S6","Functional","Ciler Uzal","4/30/2026 8:54 AM","1"
"C76","Username Invalid Character Validation","","Ciler Uzal","4/30/2026 8:55 AM","","<ul><li data-section-id=""1a0oahr"" data-start=""437"" data-end=""515"" data-pasted=""true"">The system should validate the Username field for allowed character rules.</li><li data-section-id=""1o88obd"" data-start=""516"" data-end=""576"">Registration should fail if invalid characters are used.</li><li data-section-id=""1prpgr7"" data-start=""577"" data-end=""681"">A clear validation error message should be displayed (e.g., “Username contains invalid characters”).</li><li data-section-id=""z000ip"" data-start=""682"" data-end=""734"">The user should remain on the Registration page.</li></ul>","","Medium","","Register","0","","Design","<ol data-start=""145"" data-end=""405"" data-pasted=""true""><li data-section-id=""1yuqxfz"" data-start=""145"" data-end=""254"">Enter a username containing invalid characters</li><li data-section-id=""1pqhtc2"" data-start=""255"" data-end=""311"">Enter a valid email address in the Email field.</li><li data-section-id=""19e6pud"" data-start=""312"" data-end=""366"">Enter a valid password in the Password field.</li><li data-section-id=""1k8jbiw"" data-start=""367"" data-end=""405"">Click on the Register button.</li></ol>","","","","","","","Master","S6","Functional","Ciler Uzal","4/30/2026 8:56 AM","1"
"C77","Registration with Empty Email Field","","Ciler Uzal","4/30/2026 8:57 AM","","<ul><li data-section-id=""1nv8dne"" data-start=""361"" data-end=""430"" data-pasted=""true"">The system should prevent registration with an empty Email field.</li><li data-section-id=""ivpf9g"" data-start=""431"" data-end=""532"">A validation error message should be displayed under the Email field (e.g., “Email is required”).</li><li data-section-id=""z000ip"" data-start=""533"" data-end=""585"">The user should remain on the Registration page.</li></ul>","","High","","Register","0","","Design","<ul><li data-section-id=""bj5kwn"" data-start=""143"" data-end=""197"" data-pasted=""true"">Enter a valid username in the Username field.</li><li data-section-id=""rcuxce"" data-start=""198"" data-end=""235"">Leave the Email field empty.</li><li data-section-id=""19e6pud"" data-start=""236"" data-end=""290"">Enter a valid password in the Password field.</li><li data-section-id=""1k8jbiw"" data-start=""291"" data-end=""329"">Click on the Register button.</li></ul>","","","","","","","Master","S6","Functional","Ciler Uzal","4/30/2026 9:17 AM","1"
"C78","Invalid Email Format Validation","","Ciler Uzal","4/30/2026 8:58 AM","","<ul><li data-section-id=""1ubb74x"" data-start=""432"" data-end=""486"" data-pasted=""true"">The system should validate the Email field format.</li><li data-section-id=""qo4bal"" data-start=""487"" data-end=""544"">Registration should fail due to invalid email format.</li><li data-section-id=""sfl4fq"" data-start=""545"" data-end=""647"">A clear validation error message should be displayed (e.g., “Please enter a valid email address”).</li><li data-section-id=""z000ip"" data-start=""648"" data-end=""700"">The user should remain on the Registration page.</li></ul>","","High","","Register","0","","Design","<ol data-start=""139"" data-end=""400"" data-pasted=""true""><li data-section-id=""bj5kwn"" data-start=""139"" data-end=""193"">Enter a valid username in the Username field.</li><li data-section-id=""11bhneg"" data-start=""194"" data-end=""306"">Enter an invalid email format in the Email field (e.g., <code data-start=""257"" data-end=""268"">dmail.com</code>, <code data-start=""270"" data-end=""277"">user@</code>, <code data-start=""279"" data-end=""289"">user@com</code>, <code data-start=""291"" data-end=""302"">@mail.com</code>).</li><li data-section-id=""19e6pud"" data-start=""307"" data-end=""361"">Enter a valid password in the Password field.</li><li data-section-id=""1k8jbiw"" data-start=""362"" data-end=""400"">Click on the Register button.</li></ol>","","","","","","","Master","S6","Other","Ciler Uzal","4/30/2026 9:17 AM","1"
"C79","Registration with Empty Password Field","","Ciler Uzal","4/30/2026 9:00 AM","","<ul data-start=""369"" data-end=""606"" data-pasted=""true""><li data-section-id=""o7eyoj"" data-start=""369"" data-end=""445"">The system should prevent registration when the Password field is empty.</li><li data-section-id=""rxc4h0"" data-start=""446"" data-end=""553"">A validation error message should be displayed under the Password field (e.g., “Password is required”).</li><li data-section-id=""z000ip"" data-start=""554"" data-end=""606"">The user should remain on the Registration page.</li></ul>","","High","","Register","0","","Design","<ul><li data-section-id=""bj5kwn"" data-start=""146"" data-end=""200"" data-pasted=""true"">Enter a valid username in the Username field.</li><li data-section-id=""1pqhtc2"" data-start=""201"" data-end=""257"">Enter a valid email address in the Email field.</li><li data-section-id=""kuj2l8"" data-start=""258"" data-end=""298"">Leave the Password field empty.</li><li data-section-id=""1k8jbiw"" data-start=""299"" data-end=""337"">Click on the Register button.</li></ul>","","","","","","","Master","S6","Functional","Ciler Uzal","4/30/2026 9:17 AM","1"
"C80","Password Minimum Length Validation","","Ciler Uzal","4/30/2026 9:01 AM","","<ul data-start=""422"" data-end=""727"" data-pasted=""true""><li data-section-id=""z9ks6e"" data-start=""422"" data-end=""493"">The system should validate the minimum password length requirement.</li><li data-section-id=""1w9e8bv"" data-start=""494"" data-end=""568"">Registration should fail if the password is shorter than 8 characters.</li><li data-section-id=""1b6zxj5"" data-start=""569"" data-end=""674"">A validation error message should be displayed (e.g., “Password must be at least 8 characters long”).</li><li data-section-id=""z000ip"" data-start=""675"" data-end=""727"">The user should remain on the Registration page.</li></ul>","","High","","Register","0","","Design","<ul><li data-section-id=""bj5kwn"" data-start=""167"" data-end=""221"" data-pasted=""true"">Enter a valid username in the Username field.</li><li data-section-id=""1pqhtc2"" data-start=""222"" data-end=""278"">Enter a valid email address in the Email field.</li><li data-section-id=""vw5su7"" data-start=""279"" data-end=""351"">Enter a password with fewer than 8 characters</li><li data-section-id=""1k8jbiw"" data-start=""352"" data-end=""390"">Click on the Register button.</li></ul>","","","","","","","Master","S6","Other","Ciler Uzal","4/30/2026 9:17 AM","1"
"C81","Password Maximum Length Validation","","Ciler Uzal","4/30/2026 9:03 AM","","<ul data-start=""403"" data-end=""695"" data-pasted=""true""><li data-section-id=""14kr2ma"" data-start=""403"" data-end=""473"">The system should validate the maximum password length constraint.</li><li data-section-id=""k879v8"" data-start=""474"" data-end=""541"">Registration should fail if the password exceeds 64 characters.</li><li data-section-id=""343c03"" data-start=""542"" data-end=""642"">A validation error message should be displayed (e.g., “Password must not exceed 64 characters”).</li><li data-section-id=""z000ip"" data-start=""643"" data-end=""695"">The user should remain on the Registration page.</li></ul>","","Medium","","Register","0","","Design","<ul><li data-section-id=""bj5kwn"" data-start=""168"" data-end=""222"" data-pasted=""true"">Enter a valid username in the Username field.</li><li data-section-id=""1pqhtc2"" data-start=""223"" data-end=""279"">Enter a valid email address in the Email field.</li><li data-section-id=""kywf0m"" data-start=""280"" data-end=""332"">Enter a password longer than 64 characters.</li><li data-section-id=""1k8jbiw"" data-start=""333"" data-end=""371"">Click on the Register button.</li></ul>","","","","","","","Master","S6","Functional","Ciler Uzal","4/30/2026 9:04 AM","1"
"C82","Invalid Password Validation","","Ciler Uzal","4/30/2026 9:06 AM","","<ul><li data-section-id=""1k681h7"" data-start=""486"" data-end=""558"" data-pasted=""true"">The system should validate the password according to security rules.</li><li data-section-id=""15ppovs"" data-start=""559"" data-end=""620"">Registration should fail due to weak or invalid password.</li><li data-section-id=""1is4s7d"" data-start=""621"" data-end=""733"">A clear validation error message should be displayed </li><li data-section-id=""z000ip"" data-start=""734"" data-end=""786"">The user should remain on the Registration page.</li></ul>","","Medium","","Register","0","","Design","<ol data-start=""135"" data-end=""454"" data-pasted=""true""><li data-section-id=""bj5kwn"" data-start=""135"" data-end=""189"">Enter a valid username in the Username field.</li><li data-section-id=""1pqhtc2"" data-start=""190"" data-end=""246"">Enter a valid email address in the Email field.</li><li data-section-id=""1f0plip"" data-start=""247"" data-end=""415"">Enter an invalid password (e.g. contains spaces)</li><li data-section-id=""1k8jbiw"" data-start=""416"" data-end=""454"">Click on the Register button.</li></ol>","","","","","","","Master","S6","Functional","Ciler Uzal","4/30/2026 9:08 AM","1"
"C51","Log in Content","","Ciler Uzal","4/28/2026 10:18 AM","","<ul><li data-section-id=""1ugstsv"" data-start=""284"" data-end=""323"" data-pasted=""true"">The login form should be displayed.</li><li data-section-id=""6qvvl3"" data-start=""324"" data-end=""372"">The Email input field should be visible.</li><li data-section-id=""hu54yc"" data-start=""373"" data-end=""424"">The Password input field should be visible.</li><li data-section-id=""1yzk8ui"" data-start=""425"" data-end=""469"">The Log in button should be visible.</li></ul>","","Medium","","Log In - Log out","0","","Design","<p>Click on the Log in botton</p>","","","","","","","Master","S6","Functional","Ciler Uzal","4/30/2026 8:02 AM","1"
"C83","Successfull User Log in with Valid Data","","Ciler Uzal","4/30/2026 9:20 AM","","<ul><li data-section-id=""1ft3npo"" data-start=""349"" data-end=""395"" data-pasted=""true"">The user should be successfully logged in.</li></ul>","","High","","Log In - Log out","0","","Design","<ul><li data-section-id=""1w3g4ip"" data-start=""165"" data-end=""221"" data-pasted=""true"">Enter a valid email address in the Email field.</li><li data-section-id=""11h27ok"" data-start=""222"" data-end=""280"">Enter the correct password in the Password field.</li><li data-section-id=""u0a5at"" data-start=""281"" data-end=""317"">Click on the Log in button.</li></ul>","","","","","","","Master","S6","Functional","Ciler Uzal","4/30/2026 9:21 AM","1"
"C84","Login with Unregistered Email","","Ciler Uzal","4/30/2026 9:22 AM","","<ul><li data-section-id=""1hqmere"" data-start=""329"" data-end=""363"" data-pasted=""true"">The login attempt should fail.</li><li data-section-id=""hfi95v"" data-start=""364"" data-end=""412"">The system should not authenticate the user.</li><li data-section-id=""i0a401"" data-start=""413"" data-end=""516"">An appropriate error message should be displayed (e.g., “User not found” or “Invalid credentials”).</li><li data-section-id=""87dh3n"" data-start=""517"" data-end=""562"">The user should remain on the Login page.</li></ul>","","High","","Log In - Log out","0","","Design","<ol data-start=""130"" data-end=""297"" data-pasted=""true""><li data-section-id=""a2n8ui"" data-start=""130"" data-end=""194"">Enter an unregistered email address in the Email field.</li><li data-section-id=""936vv9"" data-start=""195"" data-end=""260"">Enter a valid password in the Password field </li><li data-section-id=""u0a5at"" data-start=""261"" data-end=""297"">Click on the Log in button.</li></ol>","","","","","","","Master","S6","Functional","Ciler Uzal","4/30/2026 9:25 AM","1"
"C85","Login with Incorrect Password for Registered Email","","Ciler Uzal","4/30/2026 9:26 AM","","<ul><li data-section-id=""1hqmere"" data-start=""380"" data-end=""414"" data-pasted=""true"">The login attempt should fail.</li><li data-section-id=""hfi95v"" data-start=""415"" data-end=""463"">The system should not authenticate the user.</li><li data-section-id=""z80jjr"" data-start=""464"" data-end=""542"">A generic error message should be displayed (e.g., “Invalid credentials”).</li></ul>","","High","","Log In - Log out","0","","Design","<ul><li data-section-id=""n6ro3j"" data-start=""190"" data-end=""251"" data-pasted=""true"">Enter a registered email address in the Email field.</li><li data-section-id=""1ktaa8l"" data-start=""252"" data-end=""311"">Enter an incorrect password in the Password field.</li><li data-section-id=""u0a5at"" data-start=""312"" data-end=""348"">Click on the Log in button.</li></ul>","","","","","","","Master","S6","Functional","Ciler Uzal","4/30/2026 9:27 AM","1"
"C86","Login with Empty Fields","","Ciler Uzal","4/30/2026 9:28 AM","","<ul data-start=""271"" data-end=""625"" data-pasted=""true""><li data-section-id=""1pqg06o"" data-start=""271"" data-end=""313"">The login attempt should be prevented.</li><li data-section-id=""wx2jqp"" data-start=""314"" data-end=""375"">The system should not allow submission with empty fields.</li><li data-section-id=""u8igo"" data-start=""376"" data-end=""515"">Validation error messages should be displayed under both Email and Password fields (e.g., “Email is required”, “Password is required”).</li><li data-section-id=""87dh3n"" data-start=""516"" data-end=""561"">The user should remain on the Login page.</li><li data-section-id=""ho67qz"" data-start=""562"" data-end=""625"">No authentication request should be successfully processed.</li></ul>","","High","","Log In - Log out","0","","Design","<ul><li data-section-id=""1hyn0lp"" data-start=""124"" data-end=""161"" data-pasted=""true"">Leave the Email field empty.</li><li data-section-id=""1ymwtj1"" data-start=""162"" data-end=""202"">Leave the Password field empty.</li><li data-section-id=""u0a5at"" data-start=""203"" data-end=""239"">Click on the Log in button.</li></ul>","","","","","","","Master","S6","Functional","Ciler Uzal","4/30/2026 9:29 AM","1"
"C91","Log Out Successfully","","Ciler Uzal","4/30/2026 12:33 PM","","<ul data-start=""1507"" data-end=""1646"" data-pasted=""true""><li data-section-id=""gumvec"" data-start=""1507"" data-end=""1544"">User session should be terminated</li><li data-section-id=""y8l8nb"" data-start=""1545"" data-end=""1588"">User should be redirected to login page</li></ul><h3 data-section-id=""1dyon8j"" data-start=""1648"" data-end=""1671""><br></h3>","","High","","Log In - Log out","0","","Design","<p>Click Log Out button</p>","","","","","","","Master","S6","Functional","Ciler Uzal","4/30/2026 12:40 PM","1"
"C47","Responsive Design","","Ciler Uzal","4/27/2026 7:59 PM","","<ol><li data-section-id=""56ru80"" data-start=""554"" data-end=""648"" data-pasted=""true"">The page should load successfully without any errors and the homepage should be displayed.</li><li data-section-id=""pkhgz5"" data-start=""649"" data-end=""747"">The application name, logo, and tagline should be visible and aligned according to the design.</li><li data-section-id=""ane0vi"" data-start=""748"" data-end=""847"">The Registration button should be clickable and redirect the user to the registration form.</li><li data-section-id=""t7q5da"" data-start=""848"" data-end=""934"">The Log in button should be clickable and redirect the user to the login form.</li></ol>","","High","","UX / UI and Responsive","0","","Design","<ol><li data-section-id=""nfjn3y"" data-start=""245"" data-end=""297"" data-pasted=""true"">Open the application homepage URL in a browser.</li><li data-section-id=""yx1609"" data-start=""298"" data-end=""381"">Verify the presence of the application name, logo, and a motivational tagline.</li><li data-section-id=""s4g0cv"" data-start=""382"" data-end=""454"">Verify the presence of the Registration button and click on it.</li><li data-section-id=""lo0isa"" data-start=""455"" data-end=""521"">Verify the presence of the Log in button and click on it.</li></ol>","","","","","","","Master","S6","Functional","Ciler Uzal","4/30/2026 8:41 PM","1"
"C46","Homepage Responsiveness Validation","","Ciler Uzal","4/27/2026 7:51 PM","","","","Medium","","UX / UI and Responsive","0","","Design","","Step Description:
<ul><li data-section-id=""""17dlbt6"""" data-start=""""333"""" data-end=""""389"""" data-pasted=""""true"""">Set viewport width to ≤ 320px and verify layout</li><li data-section-id=""""1p6eodd"""" data-start=""""390"""" data-end=""""464"""">Gradually increase to 320px – 374px and observe flexible behavior</li><li data-section-id=""""11rc1e5"""" data-start=""""465"""" data-end=""""525"""">Set viewport to 375px – 767px (mobile design range)</li><li data-section-id=""""1j9f0qb"""" data-start=""""526"""" data-end=""""587"""">Set viewport to 768px – 1279px (tablet design range)</li><li data-section-id=""""1n0kn0r"""" data-start=""""588"""" data-end=""""644"""">Set viewport to ≥ 1280px (desktop design range)</li><li data-section-id=""""efi635"""" data-start=""""645"""" data-end=""""711"""">Observe layout consistency while resizing between breakpoints</li></ul>
Expected Result:
<ul data-pasted=""""true""""><li data-section-id=""""1uaclm7"""" data-start=""""743"""" data-end=""""812"""" data-pasted=""""true"""">At all breakpoints, layout should adapt according to design rules</li><li data-section-id=""""19dxr9l"""" data-start=""""813"""" data-end=""""872"""">No horizontal scrolling should appear at any resolution</li><li data-section-id=""""lnve3n"""" data-start=""""873"""" data-end=""""929"""">UI elements should remain within viewport boundaries</li><li data-section-id=""""15i1ib0"""" data-start=""""930"""" data-end=""""980"""">Text should wrap correctly and remain readable</li><li data-section-id=""""wwwc2r"""" data-start=""""981"""" data-end=""""1030"""">Components should not overlap or break layout</li><li data-section-id=""""fpqpvz"""" data-start=""""1031"""" data-end=""""1092"""">Header/sidebar behavior should remain stable across sizes</li><li data-section-id=""""7h92hl"""" data-start=""""1093"""" data-end=""""1160"""">Transitions between breakpoints should be smooth and consistent</li></ul>","1","1. <ul data-pasted=""""true""""><li data-section-id=""""1uaclm7"""" data-start=""""743"""" data-end=""""812"""" data-pasted=""""true"""">At all breakpoints, layout should adapt according to design rules</li><li data-section-id=""""19dxr9l"""" data-start=""""813"""" data-end=""""872"""">No horizontal scrolling should appear at any resolution</li><li data-section-id=""""lnve3n"""" data-start=""""873"""" data-end=""""929"""">UI elements should remain within viewport boundaries</li><li data-section-id=""""15i1ib0"""" data-start=""""930"""" data-end=""""980"""">Text should wrap correctly and remain readable</li><li data-section-id=""""wwwc2r"""" data-start=""""981"""" data-end=""""1030"""">Components should not overlap or break layout</li><li data-section-id=""""fpqpvz"""" data-start=""""1031"""" data-end=""""1092"""">Header/sidebar behavior should remain stable across sizes</li><li data-section-id=""""7h92hl"""" data-start=""""1093"""" data-end=""""1160"""">Transitions between breakpoints should be smooth and consistent</li></ul>","1","1","1. <ul><li data-section-id=""""17dlbt6"""" data-start=""""333"""" data-end=""""389"""" data-pasted=""""true"""">Set viewport width to ≤ 320px and verify layout</li><li data-section-id=""""1p6eodd"""" data-start=""""390"""" data-end=""""464"""">Gradually increase to 320px – 374px and observe flexible behavior</li><li data-section-id=""""11rc1e5"""" data-start=""""465"""" data-end=""""525"""">Set viewport to 375px – 767px (mobile design range)</li><li data-section-id=""""1j9f0qb"""" data-start=""""526"""" data-end=""""587"""">Set viewport to 768px – 1279px (tablet design range)</li><li data-section-id=""""1n0kn0r"""" data-start=""""588"""" data-end=""""644"""">Set viewport to ≥ 1280px (desktop design range)</li><li data-section-id=""""efi635"""" data-start=""""645"""" data-end=""""711"""">Observe layout consistency while resizing between breakpoints</li></ul>","Master","S6","Usability","Ciler Uzal","4/30/2026 8:44 PM","1"
"C87","Eye Icon Functionality on Registration Page","","Ciler Uzal","4/30/2026 9:36 AM","","<ul><li data-section-id=""xndf6u"" data-start=""412"" data-end=""467"" data-pasted=""true"">By default, the password should be masked (••••••).</li><li data-section-id=""6lemw2"" data-start=""468"" data-end=""551"">When the eye icon is clicked, the password should become visible in text.</li><li data-section-id=""1586cjx"" data-start=""552"" data-end=""619"">When clicked again, the password should return to masked state.</li></ul>","","Medium","","UX / UI and Responsive","0","","Design","<ul><li data-section-id=""10vytjr"" data-start=""229"" data-end=""283"" data-pasted=""true"">Enter a valid password in the Password field.</li><li data-section-id=""24xzl7"" data-start=""284"" data-end=""342"">Click on the eye icon next to the Password field.</li><li data-section-id=""kd7m7m"" data-start=""343"" data-end=""380"">Click on the eye icon again.</li></ul>","","","","","","","Master","S6","Functional","Ciler Uzal","4/30/2026 1:24 PM","1"
"C88","Eye Icon Functionality on Login Page","","Ciler Uzal","4/30/2026 9:39 AM","","<ul><li data-section-id=""xndf6u"" data-start=""398"" data-end=""453"" data-pasted=""true"">By default, the password should be masked (••••••).</li><li data-section-id=""6lemw2"" data-start=""454"" data-end=""537"">When the eye icon is clicked, the password should become visible in text.</li><li data-section-id=""1ir6kb0"" data-start=""538"" data-end=""598"">When clicked again, the password should be masked again.</li></ul>","","Medium","","UX / UI and Responsive","0","","Design","<ol data-start=""215"" data-end=""366"" data-pasted=""true""><li data-section-id=""10vytjr"" data-start=""215"" data-end=""269"">Enter a valid password in the Password field.</li><li data-section-id=""24xzl7"" data-start=""270"" data-end=""328"">Click on the eye icon next to the Password field.</li><li data-section-id=""kd7m7m"" data-start=""329"" data-end=""366"">Click on the eye icon again.</li></ol>","","","","","","","Master","S6","Functional","Ciler Uzal","4/30/2026 1:23 PM","1"
"C58","Theme Switching","","Ciler Uzal","4/28/2026 10:45 AM","","<ul><li data-section-id=""16pje4"" data-start=""490"" data-end=""559"" data-pasted=""true"">The selected theme should be applied immediately after selection.</li><li data-section-id=""31xqmu"" data-start=""560"" data-end=""619"">The theme choice should be saved to the user’s account.</li><li data-section-id=""bcgfv5"" data-start=""620"" data-end=""703"">When the user logs back in, the previously selected theme should remain active.</li><li data-section-id=""up07iw"" data-start=""704"" data-end=""773"">No UI inconsistencies or layout issues should occur in any theme.</li></ul>","","Low","","UX / UI and Responsive","0","","Design","<ul><li data-section-id=""13qaqi4"" data-start=""275"" data-end=""323"" data-pasted=""true"">Navigate to the Theme settings section.</li><li data-section-id=""a68poy"" data-start=""324"" data-end=""387"">Select a theme (e.g., Light, Violet, or Dark).</li><li data-section-id=""iqjoqx"" data-start=""388"" data-end=""422"">Log out from the application.</li><li data-section-id=""1si9g69"" data-start=""423"" data-end=""458"">Log back into the application.</li></ul>","","","","","","","Master","S6","Functional","Ciler Uzal","4/30/2026 9:59 AM","1"
"C59","User Info Dropdown & Edit Profile Modal","","Ciler Uzal","4/28/2026 11:06 AM","","<ul><li data-section-id=""188yc46"" data-start=""470"" data-end=""539"" data-pasted=""true"">Clicking the avatar should open the user info dropdown panel.</li><li data-section-id=""1l0mdxj"" data-start=""632"" data-end=""701"">The panel should open the Edit Profile Modal.</li></ul>","","High","","UX / UI and Responsive","0","","Design","<ul><li data-section-id=""1cc3u5e"" data-start=""228"" data-end=""281"" data-pasted=""true"">Click on the user avatar (top-right corner).</li><li data-section-id=""1ekvnw4"" data-start=""282"" data-end=""345"">Verify that a dropdown / user info panel is displayed.</li><li data-section-id=""1cdfic2"" data-start=""346"" data-end=""406"">Click on “Edit Profile” option inside the dropdown.</li></ul>","","","","","","","Master","S6","Functional","Ciler Uzal","4/30/2026 10:08 AM","1"
"C62","Edit Profile Modal Content","","Ciler Uzal","4/28/2026 11:17 AM","","<ul><li data-section-id=""m9lp5j"" data-start=""490"" data-end=""546"" data-pasted=""true"">The Edit Profile modal should open successfully.</li><li data-section-id=""u1k8d7"" data-start=""547"" data-end=""902"">The modal should contain:<ul data-start=""577"" data-end=""902"" style=""font-weight: initial""><li data-section-id=""933ypp"" data-start=""577"" data-end=""639"">A ""+"" button for adding or changing user photo/avatar.</li><li data-section-id=""jmpfjw"" data-start=""642"" data-end=""705"">A User Name field pre-filled with registered user data.</li><li data-section-id=""1yf0q88"" data-start=""708"" data-end=""768"">An Email field pre-filled with registered user data.</li><li data-section-id=""o20tch"" data-start=""771"" data-end=""850"">A Password field pre-filled or masked (based on design/security rules).</li><li data-section-id=""113ast1"" data-start=""853"" data-end=""902"">A Send button at the bottom of the modal.</li></ul></li></ul>","","Medium","","UX / UI and Responsive","0","","Design","<ul><li data-section-id=""1q3tl0l"" data-start=""242"" data-end=""300"" data-pasted=""true"">Click on the user avatar in the top-right header.</li><li data-section-id=""q6ymr1"" data-start=""340"" data-end=""387"">Verify the Edit Profile modal content.</li></ul>","","","","","","","Master","S6","Other","Ciler Uzal","4/30/2026 1:24 PM","1"
"C61","Hamburger Menu","","Ciler Uzal","4/28/2026 11:06 AM","","<ul><li data-section-id=""1cdwdbw"" data-start=""478"" data-end=""554"" data-pasted=""true"">The hamburger menu icon should be visible on the top-left of the header.</li><li data-section-id=""1jxpcmf"" data-start=""555"" data-end=""620"">When clicked, a sidebar menu should slide/open correctly.</li></ul>","","High","","UX / UI and Responsive","0","","Design","<ul><li data-section-id=""ypfq3d"" data-start=""222"" data-end=""303"" data-pasted=""true"">Locate the hamburger menu icon on the top-left corner of the header.</li><li data-section-id=""18qbwnc"" data-start=""304"" data-end=""342"">Click on the hamburger menu icon.</li></ul>","","","","","","","Master","S6","Functional","Ciler Uzal","4/30/2026 10:14 AM","1"
"C66","Sidebar Content","","Ciler Uzal","4/28/2026 11:20 AM","","<ul><li data-section-id=""fmd5od"" data-start=""239"" data-end=""303"" data-pasted=""true"">Application logo should be visible at the top of sidebar</li><li data-section-id=""gttx9v"" data-start=""304"" data-end=""367"">Create New Board button should be visible and clickable</li><li data-section-id=""1hm2jr4"" data-start=""368"" data-end=""472"">Board listshould be displayed with:<ul data-start=""413"" data-end=""472"" style=""font-weight: initial""><li data-section-id=""1ty3ad5"" data-start=""413"" data-end=""427"">Board icon</li><li data-section-id=""1yfhdzp"" data-start=""430"" data-end=""444"">Board name</li><li data-section-id=""1rpi3su"" data-start=""447"" data-end=""472"">Edit and delete icons</li></ul></li><li data-section-id=""vwe9p4"" data-start=""473"" data-end=""568"">Need Help block should be visible and should navigate to help/support form when clicked</li><li data-section-id=""zzv20r"" data-start=""569"" data-end=""623"">Log Out button should be visible and clickable</li></ul>","","Medium","","UX / UI and Responsive","0","","Design","<ol data-start=""150"" data-end=""207"" data-pasted=""true""><li data-section-id=""v8ul25"" data-start=""150"" data-end=""175"">Open the sidebar</li><li data-section-id=""5r3y9a"" data-start=""176"" data-end=""207"">Check all sidebar sections</li></ol>","","","","","","","Master","S6","Functional","Ciler Uzal","4/30/2026 1:19 PM","1"
"C110","Bell Icon for Today’s Deadline","","Ciler Uzal","4/30/2026 8:46 PM","","<ul><li data-section-id=""1cxbiy9"" data-start=""373"" data-end=""416"" data-pasted=""true"">Bell icon should be visible on the task</li><li data-section-id=""1g0u23"" data-start=""417"" data-end=""476"">Icon should clearly indicate that the task is due today</li><li data-section-id=""1x28o2y"" data-start=""477"" data-end=""542"">No bell icon should appear for tasks with different due dates</li></ul>","","Medium","","UX / UI and Responsive","0","","Design","<ol data-start=""276"" data-end=""341"" data-pasted=""true""><li data-section-id=""topy4p"" data-start=""276"" data-end=""316"">Locate a task with today’s due date</li><li data-section-id=""16vnigb"" data-start=""317"" data-end=""341"">Observe the task UI</li></ol>","","","","","","","Master","S6","Functional","Ciler Uzal","4/30/2026 8:48 PM","1"
"C111","Truncate Long Card Description Properly","","Ciler Uzal","4/30/2026 8:52 PM","","<ul data-start=""505"" data-end=""732"" data-pasted=""true""><li data-section-id=""n59ka0"" data-start=""505"" data-end=""558"">Description text should be truncated properly</li><li data-section-id=""b8fycl"" data-start=""559"" data-end=""609"">Overflow should be handled with “…” </li><li data-section-id=""3pdgjp"" data-start=""610"" data-end=""642"">Card layout should NOT break</li><li data-section-id=""bzweke"" data-start=""643"" data-end=""694"">No text should overflow outside card boundaries</li><li data-section-id=""fvdk9n"" data-start=""695"" data-end=""732"">UI alignment should remain intact</li></ul>","","Low","","UX / UI and Responsive","0","","Design","<ul><li data-section-id=""1hl4wbu"" data-start=""313"" data-end=""339"" data-pasted=""true"">Create or edit a card</li><li data-section-id=""1aecvwv"" data-start=""340"" data-end=""413"">Enter a very long description text (exceeding visible card area)</li><li data-section-id=""n2zs7o"" data-start=""414"" data-end=""432"">Save the card</li><li data-section-id=""9cbgfh"" data-start=""433"" data-end=""473"">Observe the card in the column view</li></ul>","","","","","","","Master","S6","Functional","Ciler Uzal","4/30/2026 8:53 PM","1"
"C63","Discard Changes via X Button","","Ciler Uzal","4/28/2026 11:18 AM","","<ul data-start=""484"" data-end=""865"" data-pasted=""true""><li data-section-id=""12jlcg6"" data-start=""484"" data-end=""542"">The modal should close when clicking the X button.</li><li data-section-id=""1z0x7du"" data-start=""543"" data-end=""605"">Any unsaved changes should not be saved to the system.</li></ul>","","Medium","","Edit Profile","0","","Design","<ul><li data-section-id=""9n9r6t"" data-start=""263"" data-end=""300"" data-pasted=""true"">Open the Edit Profile modal.</li><li data-section-id=""r9366v"" data-start=""301"" data-end=""352"">Modify one or more fields (do not click Send).</li><li data-section-id=""1mw01ms"" data-start=""353"" data-end=""418"">Click on the “X” (close) button at the top of the modal.</li></ul>","","","","","","","Master","S6","Other","Ciler Uzal","4/30/2026 10:22 AM","1"
"C65","Verify Email Field is Pre-filled in Edit Profile","","Ciler Uzal","4/28/2026 11:19 AM","","<p>The Email field should be pre-filled with the user’s existing email address</p><p data-start=""438"" data-end=""457""><br></p>","","High","","Edit Profile","0","","Design","<ol data-start=""263"" data-end=""330"" data-pasted=""true""><li data-section-id=""2racx7"" data-start=""263"" data-end=""299"">Open the Edit Profile modal</li><li data-section-id=""1dofg5k"" data-start=""300"" data-end=""330"">Check the Email field</li></ol><p data-start=""332"" data-end=""352""><br></p>","","","","","","","Master","S6","Functional","Ciler Uzal","4/30/2026 11:04 AM","1"
"C64","Update Profile Photo Without Modifying Email","","Ciler Uzal","4/28/2026 11:19 AM","","<ul><li data-section-id=""1av9k9p"" data-start=""736"" data-end=""784"" data-pasted=""true"">Profile photo should be updated successfully</li><li data-section-id=""tsed5n"" data-start=""785"" data-end=""827"">Existing email should remain unchanged</li><li data-section-id=""1pr8t5n"" data-start=""828"" data-end=""879"">The system should not require re-entering email</li></ul>","","Medium","","Edit Profile","0","","Design","<ol data-start=""629"" data-end=""713"" data-pasted=""true""><li data-section-id=""9i71lb"" data-start=""629"" data-end=""665"">Leave the Email field unchanged</li><li data-section-id=""uy9i2k"" data-start=""666"" data-end=""693"">Upload a profile photo</li><li data-section-id=""1uogmve"" data-start=""694"" data-end=""713"">Click Send</li></ol><p data-start=""715"" data-end=""735""><br></p>","","","","","","","Master","S6","Other","Ciler Uzal","4/30/2026 11:05 AM","1"
"C72","Update User Name Successfully","","Ciler Uzal","4/29/2026 11:08 AM","","<ul><li data-section-id=""lh18bw"" data-start=""365"" data-end=""409"" data-pasted=""true"">User name should be updated successfully</li><li data-section-id=""1qs9hnl"" data-start=""410"" data-end=""452"">Updated name should be reflected in UI</li></ul>","","Medium","","Edit Profile","0","","Design","<ul><li data-section-id=""2okhz8"" data-start=""271"" data-end=""322"" data-pasted=""true"">Enter a valid value in the User Name field</li><li data-section-id=""1avz3nv"" data-start=""323"" data-end=""342"">Click Send</li></ul>","","","","","","","Master","S6","Other","Ciler Uzal","4/30/2026 11:15 AM","1"
"C73","Update Email Successfully","","Ciler Uzal","4/29/2026 11:08 AM","","<ol data-start=""660"" data-end=""727"" data-pasted=""true""><li data-section-id=""za41o6"" data-start=""750"" data-end=""790"" data-pasted=""true"">Email should be updated successfully</li></ol><p data-start=""729"" data-end=""749""><br></p>","","Medium","","Edit Profile","0","","Design","<ol data-start=""660"" data-end=""727"" data-pasted=""true""><li data-section-id=""1np9t95"" data-start=""660"" data-end=""707"">Enter a valid email in the Email field</li><li data-section-id=""1avz3nv"" data-start=""708"" data-end=""727"">Click Send</li></ol><p data-start=""729"" data-end=""749""><br></p>","","","","","","","Master","S6","Functional","Ciler Uzal","4/30/2026 11:17 AM","1"
"C89","Password Minimum Length Validation","","Ciler Uzal","4/30/2026 11:17 AM","","<ul><li data-section-id=""15pekct"" data-start=""1138"" data-end=""1179"" data-pasted=""true"">System should reject the password</li></ul>","","Medium","","Edit Profile","0","","Design","<ul data-pasted=""true""><li data-section-id=""2qwo13"" data-start=""1025"" data-end=""1095"" data-pasted=""true"">Enter a password shorter than minimum length (e.g., 2 characters)</li><li data-section-id=""1avz3nv"" data-start=""1096"" data-end=""1115"">Click Send</li></ul>","","","","","","","Master","S6","Other","Ciler Uzal","4/30/2026 11:18 AM","1"
"C90","Update Profile with Valid Password","","Ciler Uzal","4/30/2026 11:18 AM","","<ul><li data-section-id=""xf1aed"" data-start=""1594"" data-end=""1637"" data-pasted=""true"">Password should be updated successfully</li><li data-section-id=""a5138t"" data-start=""1638"" data-end=""1677"">System should accept valid password</li></ul>","","Medium","","Edit Profile","0","","Design","<ul><li data-section-id=""11bkg8f"" data-start=""1497"" data-end=""1551"" data-pasted=""true"">Enter a valid password (meeting all requirements)</li><li data-section-id=""1avz3nv"" data-start=""1552"" data-end=""1571"">Click Send</li></ul>","","","","","","","Master","S6","Other","Ciler Uzal","4/30/2026 11:19 AM","1"
"C67","Create a New Board Successfully","","Ciler Uzal","4/28/2026 11:21 AM","","<ul><li data-section-id=""1p9vn61"" data-start=""360"" data-end=""404"" data-pasted=""true"">New board should be created successfully</li><li data-section-id=""2093g3"" data-start=""405"" data-end=""442"">Board should appear in board list</li><li data-section-id=""1rve8n8"" data-start=""443"" data-end=""493"">Selected icon and background should be applied</li></ul>","","High","","Board","0","","Design","<ul><li data-section-id=""u0rd1b"" data-start=""220"" data-end=""254"" data-pasted=""true"">Enter a valid Board Title</li><li data-section-id=""hs8gkz"" data-start=""255"" data-end=""304"">Select icon and background (or keep default)</li><li data-section-id=""10mfexw"" data-start=""305"" data-end=""333"">Click Create button</li></ul>","","","","","","","Master","S6","Functional","Ciler Uzal","4/30/2026 12:35 PM","1"
"C68","Discard Changes via X Button","","Ciler Uzal","4/28/2026 11:21 AM","","<ul><li data-section-id=""sn1u1t"" data-start=""779"" data-end=""824"" data-pasted=""true"">Modal should close without saving changes</li><li data-section-id=""1hyrpwh"" data-start=""825"" data-end=""859"">No new board should be created</li></ul>","","Medium","","Board","0","","Design","<p>Click X (close) button</p><p><br></p>","","","","","","","Master","S6","Functional","Ciler Uzal","4/30/2026 12:03 PM","1"
"C69","Create Board Without Title Validation","","Ciler Uzal","4/28/2026 11:21 AM","","<ul><li data-section-id=""113a0p5"" data-start=""1170"" data-end=""1201"" data-pasted=""true"">Board should NOT be created</li><li data-section-id=""1w5k1rn"" data-start=""1202"" data-end=""1270"">Validation error should be displayed </li></ul>","","High","","Board","0","","Design","<ul><li data-section-id=""16xhwto"" data-start=""1076"" data-end=""1114"" data-pasted=""true"">Leave Board Title field empty</li><li data-section-id=""10p51hh"" data-start=""1115"" data-end=""1143"">Click Create button</li></ul>","","","","","","","Master","S6","Functional","Ciler Uzal","4/30/2026 12:35 PM","1"
"C92","Delete Existing Board Successfully","","Ciler Uzal","4/30/2026 12:51 PM","","<ul><li data-section-id=""1txe88p"" data-start=""652"" data-end=""693"" data-pasted=""true"">Column should be created successfully</li><li data-section-id=""1bbmh32"" data-start=""694"" data-end=""735"">New column should appear on the board</li><li data-section-id=""dc6lar"" data-start=""736"" data-end=""782"">Add Column button should move to the right</li></ul>","","Medium","","Board","0","","Design","<ul><li data-section-id=""455o36"" data-start=""543"" data-end=""569"" data-pasted=""true"">Open Add Column modal</li><li data-section-id=""mvhp1s"" data-start=""570"" data-end=""601"">Enter a valid column title</li><li data-section-id=""1w90dp3"" data-start=""602"" data-end=""620"">Click Add</li></ul>","","","","","","","Master","S6","Functional","Ciler Uzal","4/30/2026 12:58 PM","1"
"C74","Create Column Successfully","","Ciler Uzal","4/29/2026 12:11 PM","","<ul><li data-section-id=""1j28t0w"" data-start=""823"" data-end=""851"" data-pasted=""true"">Column should be created</li><li data-section-id=""fn3dgn"" data-start=""852"" data-end=""889"">New column should appear on board</li><li data-section-id=""1b6cv4y"" data-start=""890"" data-end=""937"">Add Column button should shift to the right</li></ul>","","Medium","","Cloumn","0","","Design","<ul><li data-section-id=""1ayaskj"" data-start=""721"" data-end=""742"" data-pasted=""true"">Click Add another Column</li><li data-section-id=""fng8hd"" data-start=""743"" data-end=""772"">Enter valid column title</li><li data-section-id=""1w90dp3"" data-start=""773"" data-end=""791"">Click add</li></ul>","","","","","","","Master","S6","Functional","Ciler Uzal","4/30/2026 4:42 PM","1"
"C94","Edit Existing Cloumn Successfully","","Ciler Uzal","4/30/2026 1:27 PM","","<ul><li data-section-id=""13bc8qp"" data-start=""516"" data-end=""580"" data-pasted=""true"">Edit Column modal should open with pre-filled existing title</li><li data-section-id=""10d86zz"" data-start=""581"" data-end=""624"">User should be able to modify the title</li><li data-section-id=""16t29v0"" data-start=""625"" data-end=""672"">Column title should be updated successfully</li><li data-section-id=""c3xg8a"" data-start=""673"" data-end=""723"">Updated title should be displayed on the board</li></ul>","","Medium","","Cloumn","0","","Design","<ul><li data-section-id=""1anitpa"" data-start=""317"" data-end=""370"" data-pasted=""true"">Click Edit Column icon on an existing column</li><li data-section-id=""qqe19h"" data-start=""371"" data-end=""405"">Edit Column modal should open</li><li data-section-id=""ggmu1"" data-start=""406"" data-end=""453"">Modify the column title with a valid value</li><li data-section-id=""dnf3pk"" data-start=""454"" data-end=""484"">Click Add button</li></ul>","","","","","","","Master","S6","Functional","Ciler Uzal","4/30/2026 4:55 PM","1"
"C93","Create Cloumn Without Title Validation","","Ciler Uzal","4/30/2026 1:00 PM","","<ul><li data-section-id=""1tojpc5"" data-start=""1025"" data-end=""1057"" data-pasted=""true"">Column should NOT be created</li><li data-section-id=""1io8gyl"" data-start=""1058"" data-end=""1100"">Validation message should be displayed</li><li data-section-id=""11jpiea"" data-start=""1101"" data-end=""1129"">Modal should remain open</li></ul>","","Medium","","Cloumn","0","","Design","<p>Open Add Column modal</p><p>Leave title field empty</p><p>Click Add</p>","","","","","","","Master","S6","Functional","Ciler Uzal","4/30/2026 1:01 PM","1"
"C95","Discard Changes via X Button","","Ciler Uzal","4/30/2026 4:47 PM","","<ul><li data-section-id=""1shlawo"" data-start=""421"" data-end=""455"" data-pasted=""true"">Modal should close immediately</li><li data-section-id=""13hypl1"" data-start=""456"" data-end=""498"">No column should be created </li><li data-section-id=""u0xiym"" data-start=""499"" data-end=""541"">No changes should be saved </li></ul>","","Medium","","Cloumn","0","","Design","<ol data-start=""313"" data-end=""389"" data-pasted=""true""><li data-section-id=""1d04hyr"" data-start=""313"" data-end=""357"">Enter or modify data in the title field</li><li data-section-id=""1608c1a"" data-start=""358"" data-end=""389"">Click Close (X) button</li></ol>","","","","","","","Master","S6","Functional","Ciler Uzal","4/30/2026 4:48 PM","1"
"C96","Delete Existing Board Successfully","","Ciler Uzal","4/30/2026 4:49 PM","","<ul data-pasted=""true""><li data-section-id=""h8qsdj"" data-start=""350"" data-end=""393"" data-pasted=""true"">Column should be removed from the board</li><li data-section-id=""omhss9"" data-start=""394"" data-end=""448"">All tasks inside the column should also be removed</li><li data-section-id=""y4jkq0"" data-start=""449"" data-end=""481"">UI should update immediately</li><li data-section-id=""1vn3ab9"" data-start=""482"" data-end=""539"">Deleted column should not reappear after page refresh</li></ul>","","Medium","","Cloumn","0","","Design","<ul><li data-section-id=""1byioq5"" data-start=""270"" data-end=""318"" data-pasted=""true"">Click Delete icon on an existing column</li></ul>","","","","","","","Master","S6","Functional","Ciler Uzal","4/30/2026 4:51 PM","1"
"C97","Create a Card Successfully","","Ciler Uzal","4/30/2026 4:52 PM","","<ul><li data-section-id=""99abtn"" data-start=""462"" data-end=""501"" data-pasted=""true"">Card should be created successfully</li></ul>","","Medium","","Card","0","","Design","<ul><li data-section-id=""vtyxpm"" data-start=""272"" data-end=""303"" data-pasted=""true"">Click Add another card</li><li data-section-id=""unifvr"" data-start=""304"" data-end=""326"">Enter valid title</li><li data-section-id=""18y99kf"" data-start=""327"" data-end=""366"">Enter valid description (optional)</li><li data-section-id=""c1x14x"" data-start=""367"" data-end=""411"">Select priority and due date (optional)</li><li data-section-id=""jbzhjl"" data-start=""412"" data-end=""430"">Click Add</li></ul>","","","","","","","Master","S6","Functional","Ciler Uzal","4/30/2026 4:55 PM","1"
"C98","Edit Existing Card Successfully","","Ciler Uzal","4/30/2026 4:52 PM","","<ul><li data-section-id=""9jf5y8"" data-start=""940"" data-end=""992"" data-pasted=""true"">Card edit modal should open with pre-filled data</li><li data-section-id=""fpcu7z"" data-start=""993"" data-end=""1033"">Changes should be saved successfully</li></ul>","","Medium","","Card","0","","Design","<ol data-start=""812"" data-end=""908"" data-pasted=""true""><li data-section-id=""1812dzr"" data-start=""812"" data-end=""846"">Click Edit icon on a card</li><li data-section-id=""hvp5x2"" data-start=""847"" data-end=""883"">Modify title and/or description</li><li data-section-id=""stx5ok"" data-start=""884"" data-end=""908"">Click Edit/Save</li></ol>","","","","","","","Master","S6","Functional","Ciler Uzal","4/30/2026 4:57 PM","1"
"C99","Delete Existing Card Successfully","","Ciler Uzal","4/30/2026 4:57 PM","","<ul data-start=""1400"" data-end=""1500"" data-pasted=""true""><li data-section-id=""etdzao"" data-start=""1400"" data-end=""1426"">Card should be removed</li></ul>","","Medium","","Card","0","","Design","<p>Click Delete icon on a card</p>","","","","","","","Master","S6","Functional","Ciler Uzal","4/30/2026 4:59 PM","1"
"C100","Create Card Without Title Validation","","Ciler Uzal","4/30/2026 4:59 PM","","<ul><li data-section-id=""cm4gh3"" data-start=""1823"" data-end=""1853"" data-pasted=""true"">Card should NOT be created</li><li data-section-id=""1hhjnc5"" data-start=""1854"" data-end=""1902"">Validation error message should be displayed</li></ul>","","Medium","","Card","0","","Design","<ol data-start=""1710"" data-end=""1791"" data-pasted=""true""><li data-section-id=""x1gedy"" data-start=""1710"" data-end=""1738"">Leave title field empty</li><li data-section-id=""6no0a4"" data-start=""1739"" data-end=""1772"">Fill other fields (optional)</li><li data-section-id=""1w90dp3"" data-start=""1773"" data-end=""1791"">Click Add</li></ol>","","","","","","","Master","S6","Functional","Ciler Uzal","4/30/2026 5:00 PM","1"
"C101","Create Card Without Description","","Ciler Uzal","4/30/2026 5:00 PM","","<ul><li data-section-id=""cm4gh3"" data-start=""1823"" data-end=""1853"" data-pasted=""true"">Card should NOT be created</li><li data-section-id=""1hhjnc5"" data-start=""1854"" data-end=""1902"">Validation error message should be displayed</li></ul>","","Medium","","Card","0","","Design","<ol data-start=""2137"" data-end=""2207"" data-pasted=""true""><li data-section-id=""j0ljwk"" data-start=""2137"" data-end=""2159"">Enter valid title</li><li data-section-id=""1qp8rox"" data-start=""2160"" data-end=""2188"">Leave description empty</li><li data-section-id=""1w90dp3"" data-start=""2189"" data-end=""2207"">Click Add</li></ol>","","","","","","","Master","S6","Functional","Ciler Uzal","4/30/2026 5:02 PM","1"
"C102","Move Card Using Move Button","","Ciler Uzal","4/30/2026 5:02 PM","","<ul data-start=""3092"" data-end=""3212"" data-pasted=""true""><li data-section-id=""11nhtts"" data-start=""3092"" data-end=""3131"">Card should move to selected column</li><li data-section-id=""pnqroh"" data-start=""3132"" data-end=""3179"">Card should be removed from previous column</li></ul>","","Medium","","Card","0","","Design","<ul><li data-section-id=""k345if"" data-start=""2983"" data-end=""3019"" data-pasted=""true"">Click Move button on a card</li><li data-section-id=""b41qbl"" data-start=""3020"" data-end=""3060"">Select another column from dropdown</li></ul>","","","","","","","Master","S6","Functional","Ciler Uzal","4/30/2026 5:03 PM","1"
"C103","Change Board Background Successfully","","Ciler Uzal","4/30/2026 5:07 PM","","<ul><li data-section-id=""ir1iqk"" data-start=""459"" data-end=""513"" data-pasted=""true"">Selected background should be applied to the board</li><li data-section-id=""y4jkq0"" data-start=""514"" data-end=""546"">UI should update immediately</li><li data-section-id=""ijxw9i"" data-start=""547"" data-end=""604"">Selected background should persist after page refresh</li></ul>","","Medium","","Filters","0","","Design","<ul><li data-section-id=""5gwtjl"" data-start=""298"" data-end=""327"" data-pasted=""true"">Click Filters button</li><li data-section-id=""aqspd7"" data-start=""328"" data-end=""387"">Select a background option (including “No background”)</li><li data-section-id=""1mc86kr"" data-start=""388"" data-end=""427"">Close modal (or apply if required)</li></ul>","","","","","","","Master","S6","Functional","Ciler Uzal","4/30/2026 5:09 PM","1"
"C104","Priority Label Color Filtering","","Ciler Uzal","4/30/2026 5:09 PM","","<ul data-start=""981"" data-end=""1104"" data-pasted=""true""><li data-section-id=""1bme3ri"" data-start=""981"" data-end=""1038"">Only tasks with selected priority should be displayed</li><li data-section-id=""8ytbw6"" data-start=""1039"" data-end=""1071"">Other tasks should be hidden</li><li data-section-id=""y4jkq0"" data-start=""1072"" data-end=""1104"">UI should update immediately</li><li data-section-id=""y4jkq0"" data-start=""1072"" data-end=""1104"">Label colors on visible tasks should match selected filter</li></ul>","","Medium","","Filters","0","","Design","<ol data-start=""883"" data-end=""949"" data-pasted=""true""><li data-section-id=""5gwtjl"" data-start=""388"" data-end=""417"" data-pasted=""true"">Click Filters button</li><li data-section-id=""l86uw1"" data-start=""418"" data-end=""470"">Select a priority label (e.g. High – green)</li></ol>","","","","","","","Master","S6","Functional","Ciler Uzal","4/30/2026 5:16 PM","1"
"C105","Discard Changes Close Filter Modal via X Button","","Ciler Uzal","4/30/2026 5:17 PM","","<ul><li data-section-id=""1yvi0bg"" data-start=""2250"" data-end=""2272"" data-pasted=""true"">Modal should close</li><li data-section-id=""svpj77"" data-start=""2273"" data-end=""2339"">No unintended changes should be applied (if no selection made)</li></ul>","","Medium","","Filters","0","","Design","<p>Click Close (X) button</p>","","","","","","","Master","S6","Functional","Ciler Uzal","4/30/2026 5:20 PM","1"
"C106","Remove Filters (Show All)","","Ciler Uzal","4/30/2026 5:20 PM","","<ul data-start=""1870"" data-end=""1987"" data-pasted=""true""><li data-section-id=""x2vil3"" data-start=""1870"" data-end=""1907"">All tasks should be visible again</li><li data-section-id=""2m2s7y"" data-start=""1908"" data-end=""1949"">Any applied filters should be cleared</li><li data-section-id=""1tn9mi8"" data-start=""1950"" data-end=""1987"">UI should return to default state</li></ul>","","Medium","","Filters","0","","Design","<p>Click <strong data-start=""1817"" data-end=""1829"" data-pasted=""true"">Show all</strong> button</p>","","","","","","","Master","S6","Functional","Ciler Uzal","4/30/2026 5:21 PM","1"
"C70","Submit Need Help Form (Success Feedback Validation)","","Ciler Uzal","4/28/2026 11:21 AM","","<ul><li data-section-id=""2jjurc"" data-start=""594"" data-end=""635"" data-pasted=""true"">Form should be submitted successfully</li><li data-section-id=""okopfb"" data-start=""636"" data-end=""722"">Success message (“Sent”, “Your request has been received” vb.) should be displayed</li><li data-section-id=""1r924t0"" data-start=""723"" data-end=""754"">Modal should close </li><li data-section-id=""1jboquo"" data-start=""755"" data-end=""780"">No error should occur</li></ul>","","Medium","","Support and Help","0","","Design","<ul><li data-section-id=""56s4eb"" data-start=""451"" data-end=""479"" data-pasted=""true"">Open Need Help form</li><li data-section-id=""1ly7q0t"" data-start=""480"" data-end=""510"">Enter valid email address</li><li data-section-id=""stb3kd"" data-start=""511"" data-end=""535"">Enter valid message</li><li data-section-id=""puhd8b"" data-start=""536"" data-end=""562"">Click Send button</li></ul>","","","","","","","Master","S6","Functional","Ciler Uzal","4/30/2026 5:32 PM","1"
"C107","Prevent Submission with Empty Email","","Ciler Uzal","4/30/2026 5:32 PM","","<ul data-start=""1727"" data-end=""1837"" data-pasted=""true""><li data-section-id=""li6vms"" data-start=""1727"" data-end=""1759"">Form should NOT be submitted</li><li data-section-id=""1dedrwl"" data-start=""1760"" data-end=""1808"">Message validation error should be displayed</li><li data-section-id=""11jpiea"" data-start=""1809"" data-end=""1837"">Modal should remain open</li></ul>","","Medium","","Support and Help","0","","Design","<ul><li data-section-id=""14xtse2"" data-start=""1197"" data-end=""1225"" data-pasted=""true"">Leave email field empty</li><li data-section-id=""5ix5nw"" data-start=""1226"" data-end=""1250"">Enter valid message</li><li data-section-id=""1uogmve"" data-start=""1251"" data-end=""1270"">Click Send</li></ul>","","","","","","","Master","S6","Functional","Ciler Uzal","5/11/2026 8:40 PM","1"
"C108","Prevent Submission with Empty Message","","Ciler Uzal","4/30/2026 5:32 PM","","<ul data-start=""1727"" data-end=""1837"" data-pasted=""true""><li data-section-id=""li6vms"" data-start=""1727"" data-end=""1759"">Form should NOT be submitted</li><li data-section-id=""1dedrwl"" data-start=""1760"" data-end=""1808"">Message validation error should be displayed</li><li data-section-id=""11jpiea"" data-start=""1809"" data-end=""1837"">Modal should remain open</li></ul>","","Medium","","Support and Help","0","","Design","<ul><li data-section-id=""gcyc88"" data-start=""1622"" data-end=""1644"" data-pasted=""true"">Enter valid email</li><li data-section-id=""1fbotry"" data-start=""1645"" data-end=""1675"">Leave message field empty</li><li data-section-id=""1uogmve"" data-start=""1676"" data-end=""1695"">Click Send</li></ul>","","","","","","","Master","S6","Functional","Ciler Uzal","5/11/2026 8:40 PM","1"
"C109","Discard Changes Need Help Form via X Button","","Ciler Uzal","4/30/2026 8:26 PM","","<ul><li data-section-id=""1yvi0bg"" data-start=""896"" data-end=""918"" data-pasted=""true"">Modal should close</li><li data-section-id=""1ncpv2u"" data-start=""919"" data-end=""950"">No data should be submitted</li><li data-section-id=""8ozgbz"" data-start=""951"" data-end=""987"">Entered data should NOT be saved</li></ul>","","Medium","","Support and Help","0","","Design","<ol data-start=""794"" data-end=""864"" data-pasted=""true""><li data-section-id=""14iq0ps"" data-start=""794"" data-end=""832"">Enter data into fields (optional)</li><li data-section-id=""1608c1a"" data-start=""833"" data-end=""864"">Click Close (X) button</li></ol>","","","","","","","Master","S6","Functional","Ciler Uzal","4/30/2026 8:28 PM","1"
"C112","User Google Login","","Ciler Uzal","5/11/2026 5:06 PM","","<p>The server should return a <b data-path-to-node=""10,1,2,0"" data-index-in-node=""27"" data-pasted=""true"">302 Redirect</b> status code to the Google OAuth page.</p><p><br></p>","","High","","Postman API Test Cases","0","","Design","<p><span data-path-to-node=""10,1,1,0"">Send a <b data-path-to-node=""10,1,1,0"" data-index-in-node=""7"">GET</b> request to the <code data-path-to-node=""10,1,1,0"" data-index-in-node=""26"">/api/user/google</code> endpoint via Postman.</span></p><p><span data-path-to-node=""10,1,1,0""><span data-path-to-node=""10,2,1,0"">Inspect the <b data-path-to-node=""10,2,1,0"" data-index-in-node=""12"">Status Code</b> and <b data-path-to-node=""10,2,1,0"" data-index-in-node=""28"">Response Body</b> in Postman.</span></span></p>","","","","","","","Master","S6","Functional","Ciler Uzal","5/11/2026 6:36 PM","1"
"C113","Google Callback","","Ciler Uzal","5/11/2026 5:35 PM","","<p style=""margin: 0px 0px 12px; padding: 0px; border: 0px; font-style: inherit; font-variant: inherit; font-weight: 400; font-stretch: inherit; font-size: 14px; line-height: 19.6px; font-family: inherit; font-optical-sizing: inherit; font-size-adjust: inherit; font-kerning: inherit; font-feature-settings: inherit; font-variation-settings: inherit; vertical-align: baseline; x: 140%"" data-pasted=""true"">The server should return a <b data-path-to-node=""10,1,2,0"" data-index-in-node=""27"" data-pasted=""true"" style=""margin: 0px; padding: 0px; border: 0px; font: inherit; vertical-align: baseline"">302 Redirect</b> status code to the Google OAuth page.</p><p style=""margin: 12px 0px 0px; padding: 0px; border: 0px; font-style: inherit; font-variant: inherit; font-weight: 400; font-stretch: inherit; font-size: 14px; line-height: 19.6px; font-family: inherit; font-optical-sizing: inherit; font-size-adjust: inherit; font-kerning: inherit; font-feature-settings: inherit; font-variation-settings: inherit; vertical-align: baseline; x: 140%""><br style=""margin-bottom: 0px; color: rgb(32, 32, 32); font-family: Arial, -apple-system,""system-ui"", system-ui, sans-serif; font-size: 14px; font-style: normal; font-variant-ligatures: normal; font-variant-caps: normal; font-weight: 400; letter-spacing: normal; orphans: 2; text-align: start; text-indent: 0px; text-transform: none; widows: 2; word-spacing: 0px; -webkit-text-stroke-width: 0px; white-space: normal; background-color: rgb(255, 255, 255); text-decoration-thickness: initial; text-decoration-style: initial; text-decoration-color: initial;""></p>","","High","","Postman API Test Cases","0","","Design","<p><span data-path-to-node=""10,1,1,0"">Send a <b data-path-to-node=""10,1,1,0"" data-index-in-node=""7"">GET</b> request to <code data-path-to-node=""10,1,1,0"" data-index-in-node=""22"">/api/user/google/callback</code> </span></p><p><br></p>","","","","","","","Master","S6","Functional","Ciler Uzal","5/11/2026 6:36 PM","1"
"C116","Verify that user can move task to another column successfully","","Ciler Uzal","5/11/2026 7:37 PM","","<p data-pasted=""true"">1- Expected Result:</p><ul data-spread=""false""><li>Status code should be 200/201</li><li>Column ID should be returned</li></ul><p data-pasted=""true"">2- Expected Result:</p><ul><li data-pasted=""true"">Status code should be 200/201</li><li data-pasted=""true"">Task should be created successfully</li><li>Task ID should be returned</li></ul><p data-pasted=""true"">3- Expected Result:</p><ul><li data-pasted=""true"">Status code should be 200/201</li><li data-pasted=""true"">Second column should be created successfully</li><li data-pasted=""true"">Column ID should be returned</li></ul><p>4- Expected Result:</p><ul><li data-pasted=""true"">Status code should be 200/201</li><li data-pasted=""true"">Task should move successfully to selected column.</li><li>Task order should update correctly.</li></ul>","","Medium","","Postman API Test Cases","0","","Design","<h4 data-pasted=""true"">1- Create First Column</h4><p>Request: <code dir=""ltr"">POST /columns</code></p><p>Body Example:</p><pre dir=""ltr""><code dir=""ltr"">{
  ""title"": ""To Do""
}</code>

</pre><h4 data-pasted=""true"">2- Create Task in First Column</h4><p>Request:</p><pre dir=""ltr""><code dir=""ltr"">POST /tasks</code></pre><p>Body Example:</p><pre dir=""ltr""><code dir=""ltr"">{
  ""title"": ""Test Task"",
  ""columnId"": 1
}</code></pre><h4 data-pasted=""true"">3- Create Another Column</h4><p>Request:</p><pre dir=""ltr""><code dir=""ltr"">POST /columns</code></pre><p>Body Example:</p><pre dir=""ltr""><code dir=""ltr"">{
  ""title"": ""Done""
}</code></pre><h4 data-pasted=""true"">4 - Move Task</h4><p data-pasted=""true"">Request:</p><pre dir=""ltr""><code dir=""ltr"">PATCH /columns/tasks/{{taskID}}</code></pre><p>Request Body:</p><pre dir=""ltr""><code dir=""ltr"">{
  ""column"": ""{{ColumnID}}"",
  ""newOrder"": 3
}</code></pre><pre dir=""ltr"">

</pre>","","","","","","","Master","S6","Functional","Ciler Uzal","5/11/2026 7:56 PM","1"
